{
  "best_model": "xgboost",
  "models": {
    "log_reg": {
      "roc_auc": 0.9122655122655123,
      "pr_auc": 0.9078040490193178,
      "n_train": 2580,
      "n_test": 645,
      "split_strategy": "stratified",
      "cv_roc_auc": 0.8880512784595989,
      "cv_pr_auc": 0.8825476812467622,
      "cv_folds": 3
    },
    "random_forest": {
      "roc_auc": 0.9583645983645983,
      "pr_auc": 0.9592834981563394,
      "n_train": 2580,
      "n_test": 645,
      "split_strategy": "stratified",
      "cv_roc_auc": 0.9556468185127661,
      "cv_pr_auc": 0.9563563516240703,
      "cv_folds": 3
    },
    "xgboost": {
      "roc_auc": 0.9646560846560845,
      "pr_auc": 0.9689909822801633,
      "n_train": 2580,
      "n_test": 645,
      "split_strategy": "stratified",
      "cv_roc_auc": 0.9623714113313497,
      "cv_pr_auc": 0.9651052963039982,
      "cv_folds": 3
    }
  },
  "data_summary": {
    "n_rows": 3225,
    "class_counts": {
      "0": 1652,
      "1": 1573
    },
    "length_stats": {
      "count": 3225.0,
      "mean": 468.7212403100775,
      "std": 414.453004484828,
      "min": 8.0,
      "25%": 213.0,
      "50%": 367.0,
      "75%": 585.0,
      "max": 5405.0
    },
    "empty_sequences": 0,
    "duplicate_ids": 1518,
    "duplicate_sequences": 2,
    "top_organisms": {
      "Staphylococcus aureus": 1665,
      "Homo sapiens": 294,
      "unknown": 59,
      "Mus musculus": 43,
      "Streptococcus pyogenes": 27,
      "Mycobacterium tuberculosis H37Rv": 23,
      "Human immunodeficiency virus 1": 23,
      "Escherichia coli": 21,
      "Streptococcus agalactiae": 20,
      "Edwardsiella tarda": 18
    }
  }
}